4095,1747,46.57
2100,0,73.089
2200,0,73.77
2000,0,72.511
2100,0,73.872
2000,0,72.511
2100,0,73.804
2200,3,73.974
2300,10,74.179
2400,30,74.043
2500,80,73.94
2600,202,73.668
2700,515,72.987
2800,1283,71.489
2900,1731,51.643
3000,1746,48.17
3100,1748,47.626
2100,1,72.034
2150,2,73.055
2200,5,73.294
2250,8,73.668
2300,14,73.396
2350,23,73.464
2400,38,73.294
2450,61,73.464
2500,100,73.362
2550,163,73.157
2600,272,72.885
2650,469,72.443
2700,857,71.557
2750,1430,70.332
2800,1708,56.17
2850,1739,49.396
